Day,Scheduled_Time,Product,Image_URL,Caption,Amazon_Link
Day 1,10:00 AM,Lord Ganesha,https://viyonadesigns.com/first_post_ganesha_dashboard_v2.jpg,"Begin every drive with divine serenity. 🚗✨ Crafted with pure Scandinavian minimalism our contemporary Lord Ganesha idol transforms your car dashboard study table or home mandir into a space of quiet reverence. 100% Plant-Based Biodegradable Bio-Plastic. Available on Amazon Prime! #ViyonaDesigns #ModernGanesha #CarDashboardDecor #MinimalistDecor",https://www.amazon.in/dp/B0HF5124YZ
Day 2,10:00 AM,Sleeping Puppy,https://viyonadesigns.com/images/puppy_angled.jpg,"The cutest 2-second habit to keep your desk clutter-free. 🐶🔑 Meet the Sleeping Puppy Desk Organizer & Catchall Tray. Cradles keys rings watches and coins in one charming spot. 100% Eco-friendly bio-plastic. #SleepingPuppy #DeskOrganization #CatchallTray #ValetTray #AmazonIndia",https://www.amazon.in/dp/B0HC36C861
Day 3,10:00 AM,Lord Ganesha,https://viyonadesigns.com/images/ganesha_front.jpg,"Modern architecture meets Indian heritage. 🤍🏛️ Traditional devotion reimagined with clean geometric curves and smooth tactile silk-matte finish. Precision crafted in India from renewable plant polymers. #MinimalistDecor #GaneshIdol #SpiritualDecor #ModernMandir #ViyonaDesigns",https://www.amazon.in/dp/B0HF5124YZ
Day 4,10:00 AM,Sleeping Puppy,https://viyonadesigns.com/images/puppy_front.jpg,"A restful nightstand begins with an organized space. 🌙🐾 Keep your rings earrings and watch safe and scratch-free by your bedside with our Sleeping Puppy Valet Tray. Sleek matte white finish. #NightstandOrganization #JewelryTray #DeskValet #OrganizedHome #ViyonaDesigns",https://www.amazon.in/dp/B0HC36C861
Day 5,10:00 AM,Lord Ganesha,https://viyonadesigns.com/first_post_ganesha_option2.jpg,"The housewarming gift that never gets re-gifted. 🏡🎁 Arrives in signature luxury gift box. Perfect for Griha Pravesh ceremonies and festive hampers. 54% OFF on Amazon India! #HousewarmingGifts #GrihaPraveshGifts #DiwaliGifting #GaneshStatue #ViyonaDesigns",https://www.amazon.in/dp/B0HF5124YZ
Day 6,10:00 AM,Sleeping Puppy,https://viyonadesigns.com/images/puppy_top.jpg,"Clean desk focused mind. 💻✨ The Sleeping Puppy Desk Organizer keeps USB drives paperclips earphones and daily pens in one charming accessible basin. Made with precision in India. #DeskSetup #WorkFromHomeIndia #ProductivityHacks #DeskAccessories #ViyonaDesigns",https://www.amazon.in/dp/B0HC36C861
Day 7,10:00 AM,Lord Ganesha,https://viyonadesigns.com/ganesha_reel_vertical.jpg,"Road trip ready: Starting every journey with peace. 🛣️🚗 Engineered specifically for car dashboards with lightweight 45g center of gravity and heat-resistant bio-polymer. #CarDashboardIdol #CarDecorIndia #NewCarBlessings #LordGanesha #ViyonaDesigns",https://www.amazon.in/dp/B0HF5124YZ
Day 8,10:00 AM,Sleeping Puppy,https://viyonadesigns.com/images/puppy_angled.jpg,"For everyone whose heart melts when their dog falls asleep. 🐾❤️ Sculpted to capture pure canine tranquility for entryways nightstands or vanities. The sweetest gift for pet lovers! #DogMomLife #DogDad #PetDecor #GiftIdeasForDogLovers #ViyonaDesigns",https://www.amazon.in/dp/B0HC36C861
Day 9,10:00 AM,Lord Ganesha,https://viyonadesigns.com/images/ganesha_right.jpg,"A focal point of calm in a busy workday. 🧘‍♂️🌿 Placing a serene sculptural reminder on your workstation brings clarity patience and positive energy. Micro-layered silk texture. #MindfulLiving #WorkplaceWellness #MinimalistDesk #GaneshaStatue #ViyonaDesigns",https://www.amazon.in/dp/B0HF5124YZ
Day 10,10:00 AM,Sleeping Puppy,https://viyonadesigns.com/images/puppy_front.jpg,"The first thing you see when you step through the front door. 🚪🔑 Drop your apartment keys coins and transit cards into our Sleeping Puppy Catchall Tray. Elegant foyer styling. #EntrywayDecor #FoyerTable #KeyOrganizer #HomeStylingIndia #ViyonaDesigns",https://www.amazon.in/dp/B0HC36C861
Day 11,10:00 AM,Lord Ganesha,https://viyonadesigns.com/viyona_luxury_brand_applications.jpg,"What goes into a Viyona Designs studio object? 🌿🔬 100% plant-derived biodegradable bio-polymers from corn starch. 0% toxic plastics. Proudly designed & made in India. #SustainableDesign #PlantBasedPlastic #BioPolymer #MadeInIndia #ViyonaDesigns",https://www.amazon.in/dp/B0HF5124YZ
Day 12,10:00 AM,Sleeping Puppy,https://viyonadesigns.com/images/puppy_top.jpg,"Stationery lovers delight: Organize your favorite daily tools. ✍️📎 Keep fountain pens sticky notes and flash drives within arm's reach without desk clutter. 100% eco-friendly plant polymer. #StationeryAddict #DeskStyling #OrganizerTray #ViyonaDesigns",https://www.amazon.in/dp/B0HC36C861
Day 13,10:00 AM,Lord Ganesha,https://viyonadesigns.com/images/ganesha_left.jpg,"The beauty of sculptural profiles: Pure geometric harmony. ✨📐 Notice the sweeping curve of the trunk holding the sacred modak. Additive manufacturing creates art impossible with old molds. #3DDesign #ModernSculpture #MinimalistStatue #ViyonaDesigns",https://www.amazon.in/dp/B0HF5124YZ
Day 14,10:00 AM,Sleeping Puppy,https://viyonadesigns.com/images/puppy_angled.jpg,"Jewelry lovers: Never misplace a ring again. 💍✨ Place your rings watches and delicate chains inside our Sleeping Puppy valet dish. Smooth silk finish prevents metal scratches. #JewelryOrganizer #RingDish #VanityDecor #CuteGifts #ViyonaDesigns",https://www.amazon.in/dp/B0HC36C861
Day 15,10:00 AM,Lord Ganesha,https://viyonadesigns.com/first_post_ganesha_dashboard_v2.jpg,"Starting a new business venture or career milestone? 💼🙏 Lord Ganesha — The Remover of Obstacles & Master of Wisdom. Perfect anchor for your workstation or office desk. #NewBeginnings #CareerMilestones #StartupLifeIndia #AuspiciousGifts #ViyonaDesigns",https://www.amazon.in/dp/B0HF5124YZ
Day 16,10:00 AM,Sleeping Puppy,https://viyonadesigns.com/images/puppy_front.jpg,"The 2-minute evening reset for peaceful mornings. 🌙✨ Drop your keys wallet and AirPods into your Sleeping Puppy Valet Tray before bed. Wake up organized and calm. #EveningRoutine #ProductivityHabits #OrganizedLife #ViyonaDesigns",https://www.amazon.in/dp/B0HC36C861
Day 17,10:00 AM,Lord Ganesha,https://viyonadesigns.com/images/ganesha_front.jpg,"Compact Pooja Mandir setups for modern apartments. 🪔🏡 At 10.3 cm high and just 45g our Lord Ganesha fits gracefully alongside brass diyas and fresh flowers. Clean Scandinavian lines. #PoojaMandir #ApartmentDecorIndia #ModernMandir #ViyonaDesigns",https://www.amazon.in/dp/B0HF5124YZ
Day 18,10:00 AM,Sleeping Puppy,https://viyonadesigns.com/images/puppy_top.jpg,"What's in your everyday carry tray? 🪙🔑 Holds apartment keys loose coins memory cards and watches with a heartwarming smile every single day. Under ₹499 on Amazon Prime! #EverydayCarry #PocketDump #DeskOrganizer #KeyDish #ViyonaDesigns",https://www.amazon.in/dp/B0HC36C861
Day 19,10:00 AM,Lord Ganesha,https://viyonadesigns.com/first_post_ganesha_option2.jpg,"Gifting made thoughtful sustainable & memorable. 🎁🌿 Skip the disposable sweets. Gift an enduring art piece crafted from 100% plant polymers that brings blessings to any home. 54% OFF! #FestiveGifting #HousewarmingPresents #DiwaliHampers #ViyonaDesigns",https://www.amazon.in/dp/B0HF5124YZ
Day 20,10:00 AM,Sleeping Puppy,https://viyonadesigns.com/images/puppy_angled.jpg,"Study desk makeover: Less clutter higher focus. 📚💡 Clean desk equals a focused mind for exam prep and deep work. Playful charm meets everyday utility. #StudyGramIndia #UPSCSetup #StudentDesk #DeskOrganization #ViyonaDesigns",https://www.amazon.in/dp/B0HC36C861
Day 21,10:00 AM,Lord Ganesha,https://viyonadesigns.com/images/ganesha_right.jpg,"Why micro-layer additive manufacturing feels like smooth stone. 🪨✨ Thousands of microscopic layers of plant polymer fused with precision creating an organic stone-like tactile finish. #AdditiveManufacturing #SustainableDesign #MadeInIndia #ViyonaDesigns",https://www.amazon.in/dp/B0HF5124YZ
Day 22,10:00 AM,Sleeping Puppy,https://viyonadesigns.com/images/puppy_front.jpg,"Bedside table styling: Warm minimalism for peaceful sleep. 🌙🛏️ Crisp white matte silhouette looks stunning next to ceramic lamps and linen bedding. The perfect gift for dog lovers! #BedroomDecor #BedsideStyling #CozyBedroom #ViyonaDesigns",https://www.amazon.in/dp/B0HC36C861
Day 23,10:00 AM,Lord Ganesha,https://viyonadesigns.com/ganesha_reel_vertical.jpg,"Luxury car cabins deserve clean modern sacred art. 🚗⭐ Complements premium leather and wood dashboards without looking bulky. Heat-resilient bio-polymer never discolors in sunlight. #CarInteriorsIndia #LuxuryCarDecor #NewCarDelivery #ViyonaDesigns",https://www.amazon.in/dp/B0HF5124YZ
Day 24,10:00 AM,Sleeping Puppy,https://viyonadesigns.com/images/puppy_top.jpg,"Entryway console table goals: Never lose your car keys again. 🔑🚘 Establish a simple landing spot by your doorway. 14.1 cm long with deep protective basin. #FoyerDecor #ConsoleTable #KeyOrganizer #HomeHacks #ViyonaDesigns",https://www.amazon.in/dp/B0HC36C861
Day 25,10:00 AM,Lord Ganesha,https://viyonadesigns.com/first_post_ganesha_dashboard_v2.jpg,"Sunday morning serenity: Resetting with gratitude. ☀️🙏 Center yourself reflect on your blessings and invite prosperity and peace into your home for the week ahead. #SundayMorning #PositiveVibes #SpiritualGrowth #LordGaneshaMurti #ViyonaDesigns",https://www.amazon.in/dp/B0HF5124YZ
Day 26,10:00 AM,Sleeping Puppy,https://viyonadesigns.com/images/puppy_angled.jpg,"The sweetest gift under ₹500 on Amazon India. 🎁🐾 Thoughtful functional and adorable gift for coworkers friends and family. Amazon Prime fast delivery! #GiftsUnder500 #BudgetGifting #CuteGiftsIndia #DogLovers #ViyonaDesigns",https://www.amazon.in/dp/B0HC36C861
Day 27,10:00 AM,Lord Ganesha,https://viyonadesigns.com/images/ganesha_front.jpg,"The one sacred piece that fits every room: On your car dash in your home mandir on your workstation or living credenza. 100% plant-based eco-plastic. #ModernDevotion #VersatileDecor #HomeDecorInspiration #ViyonaDesigns",https://www.amazon.in/dp/B0HF5124YZ
Day 28,10:00 AM,Sleeping Puppy,https://viyonadesigns.com/images/puppy_front.jpg,"Weekend organization reset: A tidy desk for Monday success. 💻🧹 Spend 2 minutes clearing your desk surface and start Monday with zero clutter and high energy. #WeekendReset #DeskMakeover #ProductivityTools #ViyonaDesigns",https://www.amazon.in/dp/B0HC36C861
Day 29,10:00 AM,Lord Ganesha,https://viyonadesigns.com/first_post_ganesha_option2.jpg,"Auspicious blessings for festive celebrations. 🪔🎉 Welcome prosperity and divine grace with our silk-warm white Lord Ganesha statue. Packaged in luxury gift cartons. #FestiveDecorIndia #DiwaliDecor #GaneshChaturthi #ViyonaDesigns",https://www.amazon.in/dp/B0HF5124YZ
Day 30,10:00 AM,Sleeping Puppy,https://viyonadesigns.com/images/puppy_angled.jpg,"30 Days of Calm & Organization: Creating a home you love. 🏡🤍 Small thoughtful design touches turn everyday spaces into moments of joy. Explore our studio collection! #ViyonaDesigns #ThoughtfullyDesigned #ModernIndianDesign #EcoLuxury",https://www.amazon.in/dp/B0HC36C861
